patient_id,patient_label,LE,Normal,delta_LE_minus_Normal
1,P1,4.3465066,4.071615,0.27489138
4,P4,3.8063688,3.8391378,-0.032768965
6,P6,3.7053487,4.005579,-0.30023026
